<?xml version="1.0" encoding="UTF-8" standalone="no"?>
<PcGts xmlns="http://schema.primaresearch.org/PAGE/gts/pagecontent/2019-07-15" xmlns:xsi="http://www.w3.org/2001/XMLSchema-instance" xsi:schemaLocation="http://schema.primaresearch.org/PAGE/gts/pagecontent/2019-07-15 http://schema.primaresearch.org/PAGE/gts/pagecontent/2019-07-15/pagecontent.xsd">
  <Metadata>
    <Creator>kraken</Creator>
    <Created>2023-10-31T16:32:04</Created>
    <LastChange>2023-10-31T18:18:36</LastChange>
    <Comments/>
  </Metadata>
  <Page imageFilename="/var/ocr4all/data/BudgeDemMisc:input/processing/0001.bin.png" imageHeight="8313" imageWidth="5400">
    <ReadingOrder>
      <OrderedGroup id="g3">
        <RegionRefIndexed index="0" regionRef="r9"/>
        <RegionRefIndexed index="1" regionRef="r3"/>
        <RegionRefIndexed index="2" regionRef="r6"/>
        <RegionRefIndexed index="3" regionRef="r7"/>
        <RegionRefIndexed index="4" regionRef="r8"/>
        <RegionRefIndexed index="5" regionRef="r4"/>
        <RegionRefIndexed index="6" regionRef="r5"/>
      </OrderedGroup>
    </ReadingOrder>
    <TextRegion id="r3" type="heading">
      <Coords points="1730,2560 1730,2334 4107,2334 4107,2560"/>
      <TextLine id="r3_l001">
        <Coords points="1757,2516 4048,2516 4048,2381 1757,2381 1757,2516"/>
        <TextEquiv>
          <Unicode/>
        </TextEquiv>
        <TextEquiv index="0">
          <Unicode>(Brit. Mus. MS. Oriental, No. 7027)</Unicode>
        </TextEquiv>
      </TextLine>
      <TextEquiv>
        <Unicode/>
      </TextEquiv>
    </TextRegion>
    <TextRegion id="r4" type="page-number">
      <Coords points="598,3025 598,2583 1074,2583 1074,3025"/>
      <TextLine id="r4_l001">
        <Coords points="643,2763 1047,2763 1047,2678 643,2678 643,2763"/>
        <TextEquiv>
          <Unicode/>
        </TextEquiv>
        <TextEquiv index="0">
          <Unicode>Fol. 21b</Unicode>
        </TextEquiv>
      </TextLine>
      <TextLine id="r4_l002">
        <Coords points="741,2960 742,2959 801,2959 801,2958 802,2957 857,2957 857,2956 858,2955 862,2955 863,2954 944,2954 944,2953 945,2952 946,2952 946,2951 947,2950 947,2943 946,2942 946,2905 946,2904 945,2904 944,2904 944,2900 944,2899 943,2899 942,2899 942,2898 941,2897 941,2896 941,2895 940,2895 939,2894 938,2894 937,2894 937,2893 936,2892 936,2891 936,2890 935,2890 934,2889 933,2889 932,2889 932,2888 932,2887 923,2887 922,2887 922,2868 922,2867 882,2867 881,2868 881,2872 880,2872 879,2873 879,2877 878,2877 877,2878 877,2882 876,2883 876,2885 823,2885 822,2886 822,2887 755,2887 754,2888 754,2889 752,2889 751,2890 750,2890 749,2891 749,2892 747,2892 746,2893 746,2894 745,2894 744,2895 743,2895 742,2896 742,2897 741,2898 741,2900 740,2900 739,2901 739,2902 738,2902 737,2903 737,2905 736,2906 736,2939 733,2939 731,2941 731,2942 730,2942 729,2943 729,2954 730,2954 731,2954 731,2955 731,2957 732,2958 732,2959 733,2959 736,2959 737,2960 741,2960"/>
        <TextEquiv>
          <Unicode/>
        </TextEquiv>
        <TextEquiv index="0">
          <Unicode>ⲙⲃ</Unicode>
        </TextEquiv>
      </TextLine>
      <TextEquiv>
        <Unicode/>
      </TextEquiv>
    </TextRegion>
    <TextRegion id="r5" type="page-number">
      <Coords points="632,5900 632,5504 1062,5504 1062,5900"/>
      <TextLine id="r5_l001">
        <Coords points="650,5665 1053,5665 1053,5571 650,5571 650,5665"/>
        <TextEquiv>
          <Unicode/>
        </TextEquiv>
        <TextEquiv index="0">
          <Unicode>Fol. 22a</Unicode>
        </TextEquiv>
      </TextLine>
      <TextLine id="r5_l002">
        <Coords points="733,5816 970,5816 970,5706 733,5706 733,5816"/>
        <TextEquiv>
          <Unicode/>
        </TextEquiv>
        <TextEquiv index="0">
          <Unicode>ⲙ︦ⲅ︦</Unicode>
        </TextEquiv>
      </TextLine>
      <TextEquiv>
        <Unicode/>
      </TextEquiv>
    </TextRegion>
    <TextRegion id="r6">
      <Coords points="1096,4904 1096,2583 4911,2583 4911,4904"/>
      <TextLine id="r6_l001">
        <Coords points="1238,2796 4755,2796 4755,2636 1238,2636 1238,2796"/>
        <TextEquiv>
          <Unicode/>
        </TextEquiv>
        <TextEquiv index="0">
          <Unicode>ⲟⲩⲗⲟⲅⲟⲥ ⲉ ⲁϥⲧⲁⲩⲟϥ ⲛ̄ϭⲓ ⲁⲡⲁ</Unicode>
        </TextEquiv>
      </TextLine>
      <TextLine id="r6_l002">
        <Coords points="1096,3018 4758,3018 4758,2861 1096,2861 1096,3018"/>
        <TextEquiv>
          <Unicode/>
        </TextEquiv>
        <TextEquiv index="0">
          <Unicode>ⲆⲨⲘⲎⲦⲢⲒⲞⲤ ⲠⲀⲢⲬⲎⲈⲠⲒⲤⲔⲞⲠⲞⲤ Ⲛ︦ ⲦⲠⲞ-</Unicode>
        </TextEquiv>
      </TextLine>
      <TextLine id="r6_l003">
        <Coords points="1096,3245 4760,3245 4760,3098 1096,3098 1096,3245"/>
        <TextEquiv>
          <Unicode/>
        </TextEquiv>
        <TextEquiv index="0">
          <Unicode>ⲖⲒⲤ ⲀⲎⲦⲞⲬⲒⲀ· ⲠⲈⲎⲦⲀϤⲬⲈⲢⲞⲆⲚⲈⲒ Ⲡ︦</Unicode>
        </TextEquiv>
      </TextLine>
      <TextLine id="r6_l004">
        <Coords points="1096,3470 4762,3470 4762,3310 1096,3310 1096,3470"/>
        <TextEquiv>
          <Unicode/>
        </TextEquiv>
        <TextEquiv index="0">
          <Unicode>ⲠⲚⲞϬ Ⲓ︦Ⲱ︦Ⲥ︦· ⲠⲈⲬⲢⲨⲤⲞⲤⲦⲞⲘⲞⲤ· Ⲙ︦ ⲠⲢⲈⲤ-</Unicode>
        </TextEquiv>
      </TextLine>
      <TextLine id="r6_l005">
        <Coords points="1096,3693 4750,3693 4750,3560 1096,3560 1096,3693"/>
        <TextEquiv>
          <Unicode/>
        </TextEquiv>
        <TextEquiv index="0">
          <Unicode>ⲂⲨⲦⲈⲢⲞⲤ· Ⲉ ⲀϤⲦⲀⲨⲞϤ Ⲉ ⲠⲈϪⲠⲞ·</Unicode>
        </TextEquiv>
      </TextLine>
      <TextLine id="r6_l006">
        <Coords points="1096,3928 4758,3928 4758,3766 1096,3766 1096,3928"/>
        <TextEquiv>
          <Unicode/>
        </TextEquiv>
        <TextEquiv index="0">
          <Unicode>ⲔⲀⲦⲀ ⲤⲀⲢⲜ̄· Ⲙ︦ ⲠⲚⲞⲨⲦⲈ ⲠⲖⲞⲄⲞⲤ· Ⲛ︦</Unicode>
        </TextEquiv>
      </TextLine>
      <TextLine id="r6_l007">
        <Coords points="1096,4145 4760,4145 4760,3993 1096,3993 1096,4145"/>
        <TextEquiv>
          <Unicode/>
        </TextEquiv>
        <TextEquiv index="0">
          <Unicode>ⲤⲞⲨ ϪⲞⲨ ⲮⲒⲤ Ⲙ︦ ⲠⲈⲂⲞⲦ ⲬⲞⲒⲀⲬ· ⲀⲨⲰ</Unicode>
        </TextEquiv>
      </TextLine>
      <TextLine id="r6_l008">
        <Coords points="1096,4368 4760,4368 4760,4208 1096,4208 1096,4368"/>
        <TextEquiv>
          <Unicode/>
        </TextEquiv>
        <TextEquiv index="0">
          <Unicode>Ⲉ ⲦⲂⲈ ⲘⲀⲢⲒⲀ ⲦⲈϤⲘⲀⲀⲨ· Ⲙ︦ ⲠⲀⲢⲐⲈ-</Unicode>
        </TextEquiv>
      </TextLine>
      <TextLine id="r6_l009">
        <Coords points="1096,4595 4760,4595 4760,4430 1096,4430 1096,4595"/>
        <TextEquiv>
          <Unicode/>
        </TextEquiv>
        <TextEquiv index="0">
          <Unicode>ⲚⲞⲤ ⲦⲚ︦Ⲧ ⲀⲤϪⲠⲞϤ ϨⲚ︦ ⲞⲨⲈⲒⲢⲎⲚⲎ Ⲛ︦ⲦⲈ</Unicode>
        </TextEquiv>
      </TextLine>
      <TextLine id="r6_l010">
        <Coords points="1096,4808 2315,4808 2315,4666 1096,4666 1096,4808"/>
        <TextEquiv>
          <Unicode/>
        </TextEquiv>
        <TextEquiv index="0">
          <Unicode>ⲠⲚⲞⲨⲦⲈ Ϥ︦Ⲑ︦·</Unicode>
        </TextEquiv>
      </TextLine>
      <TextEquiv>
        <Unicode/>
      </TextEquiv>
    </TextRegion>
    <SeparatorRegion id="r7">
      <Coords points="1810,5277 1810,4972 4141,4972 4141,5277"/>
    </SeparatorRegion>
    <TextRegion id="r8" orientation="0.125">
      <Coords points="1062,7507 1062,5334 4911,5334 4911,7507"/>
      <TextLine id="r8_l001">
        <Coords points="1100,5531 4775,5523 4774,5343 1099,5351 1100,5531"/>
        <TextEquiv>
          <Unicode/>
        </TextEquiv>
        <TextEquiv index="0">
          <Unicode>Ⲧⲁⲣⲭϩ ⲅⲁⲣ ⲙ̄ ⲡⲉⲃⲟⲧ ⲭⲟⲓⲟⲁϩⲕ̄ ⲟⲩⲣⲁϣⲉ ⲛⲁⲛ ⲡⲉ |</Unicode>
        </TextEquiv>
      </TextLine>
      <TextLine id="r8_l002">
        <Coords points="1107,5718 4768,5710 4768,5554 1107,5562 1107,5718"/>
        <TextEquiv>
          <Unicode/>
        </TextEquiv>
        <TextEquiv index="0">
          <Unicode>ⲁⲩⲱ ⲧⲉϥϩⲁⲏ· ⲟⲩⲉⲩⲫⲣⲟⲥⲩⲛⲏ ⲧⲉ ⲛ̄ ⲧⲙⲛ︦ⲧ︦ⲣⲱⲙⲉ</Unicode>
        </TextEquiv>
      </TextLine>
      <TextLine id="r8_l003">
        <Coords points="1104,5911 4766,5903 4766,5740 1104,5748 1104,5911"/>
        <TextEquiv>
          <Unicode/>
        </TextEquiv>
        <TextEquiv index="0">
          <Unicode>ⲧⲏⲣ︦ⲥ︦·:—ⲉⲛϣⲁⲛⲉⲓ ⲅⲁⲣ ⲉ ⲧⲁⲣⲭⲏ· ⲙ̄ ⲡⲉⲓ ⲉⲃⲟⲧ· ⲧⲉ</Unicode>
        </TextEquiv>
      </TextLine>
      <TextLine id="r8_l004">
        <Coords points="1105,6109 4772,6101 4771,5948 1104,5956 1105,6109"/>
        <TextEquiv>
          <Unicode/>
        </TextEquiv>
        <TextEquiv index="0">
          <Unicode>ⲣⲟⲙⲡⲉ· ϣⲁⲣⲉ ⲡⲉⲛⲥⲱⲙⲁ ⲧⲏⲣϥ̄ ⲉⲩϥⲣⲁⲛⲉ ⲉϥⲥⲩ-</Unicode>
        </TextEquiv>
      </TextLine>
      <TextLine id="r8_l005">
        <Coords points="1102,6305 4771,6297 4771,6130 1102,6138 1102,6305"/>
        <TextEquiv>
          <Unicode/>
        </TextEquiv>
        <TextEquiv index="0">
          <Unicode>ⲙⲁⲛⲉ ⲛⲁⲛ ⲛ̄ ⲟⲩⲙⲛ︦ⲧ︦ⲣⲉϥⲣ̄ϣⲁ·:—ϩⲙ̄ ⲡⲉⲓ ⲉⲃⲟⲧ ⲅⲁⲣ</Unicode>
        </TextEquiv>
      </TextLine>
      <TextLine id="r8_l006">
        <Coords points="1102,6499 4773,6491 4772,6322 1101,6330 1102,6499"/>
        <TextEquiv>
          <Unicode/>
        </TextEquiv>
        <TextEquiv index="0">
          <Unicode>ⲛ̄ⲧⲁ ⲡⲇⲓⲁⲃⲟⲩⲗⲟⲥ ⲣ̄ ϭⲱⲃ ⲁⲩⲱ ⲁϥϫⲓ ϣⲓⲡⲉ·:—ⲧⲁⲣ-</Unicode>
        </TextEquiv>
      </TextLine>
      <TextLine id="r8_l007">
        <Coords points="4273,6687 4274,6687 4274,6686 4274,6685 4280,6685 4281,6685 4281,6683 4282,6682 4281,6645 4282,6644 4286,6644 4287,6643 4762,6642 4762,6641 4763,6640 4766,6640 4766,6638 4767,6637 4767,6555 4768,6554 4769,6554 4769,6553 4770,6552 4772,6552 4772,6550 4773,6549 4774,6549 4774,6541 4774,6540 4773,6540 4772,6540 4772,6538 4771,6537 4771,6535 4771,6534 4685,6534 4684,6534 4684,6533 4684,6532 4045,6534 4044,6533 4044,6532 3768,6532 3767,6532 3767,6531 3767,6530 3763,6530 3762,6531 3762,6532 3760,6532 3759,6533 3759,6535 3758,6535 3757,6536 3757,6544 3756,6545 3756,6557 2642,6560 2641,6559 2641,6539 2640,6539 2639,6538 2639,6535 2638,6535 2637,6534 2637,6532 2636,6531 2636,6530 2635,6530 2634,6529 2633,6529 2632,6528 2632,6527 2631,6526 2631,6525 2630,6525 2629,6524 2628,6524 2627,6523 2627,6522 2626,6521 2626,6520 2622,6520 2621,6519 2620,6519 2619,6520 2615,6520 2614,6520 2614,6521 2614,6522 2613,6522 2612,6522 2612,6523 2611,6524 2611,6528 2611,6529 2610,6529 2609,6529 2609,6532 2609,6533 1958,6534 1956,6536 1956,6537 1955,6537 1954,6538 1954,6544 1953,6544 1952,6545 1952,6564 1643,6565 1642,6566 1297,6567 1296,6567 1296,6568 1296,6569 1127,6569 1126,6570 1123,6570 1122,6571 1122,6572 1120,6572 1119,6573 1119,6574 1115,6574 1114,6575 1112,6575 1111,6576 1111,6577 1110,6577 1109,6578 1109,6579 1108,6579 1106,6581 1106,6595 1107,6596 1107,6599 1108,6599 1109,6599 1110,6600 1111,6600 1111,6601 1111,6602 1112,6603 1112,6604 1113,6604 1114,6604 1115,6605 1116,6605 1116,6606 1116,6607 1117,6607 1156,6607 1156,6609 1157,6610 1157,6613 1158,6614 1159,6614 1160,6615 1161,6615 1161,6616 1162,6617 1162,6619 1163,6620 1164,6620 1164,6621 1165,6622 1166,6622 1166,6639 1167,6640 1178,6640 1179,6641 1200,6641 1201,6642 1266,6642 1266,6643 1267,6644 1957,6642 1957,6643 1957,6644 1958,6644 1966,6644 1966,6643 1967,6642 3113,6640 3114,6679 3114,6680 3115,6680 3116,6680 3116,6681 3116,6682 3128,6682 3129,6681 3129,6680 3151,6680 3152,6679 3152,6677 3153,6677 3154,6676 3153,6644 3154,6644 4164,6641 4165,6642 4168,6642 4168,6643 4168,6644 4169,6644 4240,6644 4240,6645 4241,6685 4245,6685 4246,6686 4246,6687 4273,6687"/>
        <TextEquiv>
          <Unicode/>
        </TextEquiv>
        <TextEquiv index="0">
          <Unicode>ⲭⲏ ⲙⲉⲛ· ⲙ̄ ⲡⲉⲓ ⲉⲃⲟⲧ· ⲡⲣⲱⲧ ⲡⲉ ⲛ̄ ⲛ̄ⲕⲁⲣⲡⲟⲥ ⲛ̄</Unicode>
        </TextEquiv>
      </TextLine>
      <TextLine id="r8_l008">
        <Coords points="1108,6890 4773,6882 4772,6725 1107,6733 1108,6890"/>
        <TextEquiv>
          <Unicode/>
        </TextEquiv>
        <TextEquiv index="0">
          <Unicode>ⲧⲥⲱϣⲉ· ⲁⲩⲱ ⲧⲉϥϩⲁⲏ ⲡⲉ ⲡⲧⲁϩⲟ ⲉ ⲣⲁⲧϥ̄ ⲛ̄ ⲛⲉⲛ-</Unicode>
        </TextEquiv>
      </TextLine>
      <TextLine id="r8_l009">
        <Coords points="1112,7086 4775,7078 4775,6917 1112,6925 1112,7086"/>
        <TextEquiv>
          <Unicode/>
        </TextEquiv>
        <TextEquiv index="0">
          <Unicode>ⲯⲩⲭⲏ· ⲧⲙⲛ̄ⲧ̄ⲣⲱⲙⲉ ⲧⲏⲣⲥ̄ ϩⲛ̄ ⲟⲩⲙⲛ̄ⲧ̄ⲣⲉϥϣⲁ· ⲧⲁⲣ-</Unicode>
        </TextEquiv>
      </TextLine>
      <TextLine id="r8_l010">
        <Coords points="1673,7275 1674,7274 1680,7274 1681,7273 1681,7270 1682,7269 1682,7234 1813,7234 1814,7233 1814,7232 1820,7232 1821,7231 1940,7230 1941,7229 1946,7229 1947,7229 1947,7228 1947,7227 2123,7227 2124,7226 2124,7225 2410,7224 2412,7226 2412,7227 2618,7227 2619,7226 2619,7225 2623,7225 2624,7224 2625,7224 2626,7223 2626,7220 2627,7219 2627,7214 2628,7214 2629,7213 2629,7187 2821,7186 2822,7187 2822,7197 2823,7197 2824,7198 2824,7204 2825,7204 2826,7205 2826,7207 2827,7208 2827,7209 2828,7209 2829,7210 2830,7210 2831,7211 2831,7212 2832,7213 2832,7214 2833,7214 2834,7215 2835,7215 2836,7216 2836,7217 2838,7217 2839,7218 2839,7219 2841,7219 2842,7220 2846,7220 2847,7221 2847,7222 2855,7222 2856,7223 2856,7224 2858,7224 2859,7225 2948,7225 2949,7226 2949,7265 2951,7265 2952,7266 2952,7267 2980,7267 2981,7267 2981,7266 2981,7265 2986,7265 2987,7265 2987,7263 2987,7262 2988,7262 2989,7261 2989,7260 2988,7260 2987,7260 2987,7255 2986,7254 2986,7226 2986,7225 3216,7224 3217,7225 3217,7226 3218,7227 3238,7227 3239,7227 3239,7226 3239,7225 3430,7225 3431,7226 3431,7227 3438,7227 3439,7227 3439,7226 3439,7225 3561,7225 3562,7224 3563,7224 3564,7223 3564,7222 3565,7222 3566,7221 3566,7214 3565,7214 3562,7214 3562,7213 3562,7212 3561,7211 3561,7185 3738,7184 3739,7185 3739,7214 3738,7214 3737,7214 3736,7216 3736,7220 3737,7221 3737,7224 3740,7224 3741,7225 3765,7225 3766,7226 3766,7227 4098,7227 4099,7227 4099,7228 4099,7229 4101,7229 4102,7230 4103,7230 4104,7229 4110,7229 4111,7228 4403,7227 4404,7227 4404,7228 4404,7229 4408,7229 4409,7228 4409,7227 4591,7226 4592,7227 4725,7227 4726,7228 4726,7229 4736,7229 4737,7229 4737,7228 4737,7227 4741,7227 4742,7227 4742,7226 4742,7225 4750,7225 4751,7224 4753,7224 4754,7224 4754,7223 4754,7222 4756,7222 4757,7222 4757,7221 4757,7220 4758,7220 4759,7219 4760,7219 4761,7219 4761,7218 4762,7217 4762,7216 4762,7215 4763,7215 4764,7215 4764,7213 4764,7212 4765,7212 4766,7212 4766,7211 4767,7209 4768,7209 4769,7209 4769,7205 4769,7204 4770,7204 4771,7204 4771,7203 4772,7202 4772,7200 4772,7199 4773,7199 4774,7199 4774,7185 4773,7184 4772,7184 4772,7176 4771,7175 4771,7173 4770,7172 4769,7172 4769,7168 4768,7167 4767,7167 4767,7165 4766,7164 4766,7163 4765,7162 4764,7162 4764,7161 4763,7160 4762,7160 4761,7159 4761,7158 4760,7157 4759,7157 4759,7156 4758,7155 4752,7155 4751,7154 4751,7153 4750,7152 4747,7152 4747,7151 4746,7150 4672,7150 4671,7149 4472,7150 4471,7149 4322,7149 4321,7150 4319,7150 4319,7151 4319,7152 4318,7152 4317,7152 4317,7153 4317,7155 4316,7155 4241,7155 4241,7141 4242,7140 4242,7135 4242,7134 4243,7134 4244,7134 4244,7133 4243,7132 4242,7132 4242,7126 4241,7125 4241,7123 4240,7122 4239,7122 4239,7120 4238,7119 4236,7119 4236,7118 4235,7117 4227,7117 4227,7118 4227,7119 4226,7119 4111,7120 4111,7121 4110,7122 4102,7122 4102,7123 4100,7125 4099,7125 4099,7128 4098,7129 4097,7129 4097,7156 4096,7157 4011,7157 4011,7156 4011,7154 4010,7154 4009,7154 4009,7153 4009,7152 4008,7152 4007,7152 4007,7151 4007,7150 4006,7150 3944,7150 3943,7149 3941,7149 3941,7148 3941,7147 3940,7147 3932,7147 3932,7148 3931,7149 3929,7149 3928,7150 3757,7150 3756,7149 3754,7149 3754,7148 3753,7147 3744,7147 3744,7148 3744,7149 3743,7149 3741,7149 3741,7150 3741,7151 3740,7151 3554,7152 3554,7151 3554,7150 3553,7150 3552,7150 3551,7149 3549,7149 3549,7148 3549,7147 3548,7147 3542,7147 3542,7146 3542,7145 3541,7145 3537,7145 3537,7146 3536,7147 3527,7147 3527,7148 3526,7149 3414,7149 3413,7150 3411,7150 3411,7151 3411,7152 3410,7152 3321,7152 3321,7153 3321,7154 3320,7154 3151,7155 3151,7154 3151,7152 3150,7152 3147,7152 3147,7151 3147,7150 3146,7150 3144,7150 3143,7149 3141,7149 3141,7148 3141,7147 3140,7147 2856,7147 2856,7148 2856,7149 2855,7149 2849,7149 2848,7150 2847,7150 2847,7151 2847,7152 2846,7152 2844,7152 2843,7153 2646,7154 2646,7153 2646,7152 2645,7152 2546,7152 2546,7151 2546,7150 2545,7150 2542,7150 2541,7149 2461,7149 2461,7133 2460,7132 2459,7132 2459,7130 2458,7129 2457,7129 2457,7125 2456,7124 2456,7123 2455,7122 2454,7122 2454,7121 2453,7120 2452,7120 2452,7118 2451,7117 2451,7116 2450,7115 2449,7115 2448,7114 2447,7114 2447,7111 2446,7110 2444,7110 2443,7109 2436,7109 2435,7110 2432,7110 2432,7111 2432,7112 2431,7113 2431,7115 2430,7115 2429,7115 2429,7116 2429,7119 2428,7119 2427,7119 2427,7120 2427,7124 2426,7125 2426,7127 2425,7127 2424,7127 2424,7128 2424,7130 2423,7130 2422,7130 2422,7131 2422,7134 2421,7135 2421,7139 2420,7139 2419,7139 2419,7140 2419,7142 2418,7142 2417,7142 2417,7143 2417,7149 2416,7149 2366,7149 2365,7150 2362,7150 2361,7151 2182,7152 2182,7151 2182,7150 2181,7150 2179,7150 2178,7149 2167,7149 2166,7150 2066,7150 2066,7151 2066,7152 2065,7152 2032,7152 2032,7153 2032,7154 2031,7155 2031,7159 2030,7159 1951,7159 1951,7131 1950,7130 1949,7130 1949,7128 1948,7127 1947,7127 1947,7125 1946,7124 1946,7123 1945,7122 1927,7122 1926,7123 1814,7124 1813,7125 1809,7125 1809,7126 1808,7127 1807,7127 1807,7129 1806,7130 1806,7136 1807,7137 1807,7159 1806,7160 1711,7160 1710,7159 1707,7159 1707,7158 1707,7157 1706,7157 1704,7157 1704,7156 1704,7155 1703,7155 1697,7155 1696,7154 1691,7154 1691,7153 1691,7152 1690,7152 1352,7153 1351,7152 1344,7152 1344,7153 1343,7154 1281,7154 1280,7155 1122,7155 1122,7156 1122,7157 1121,7158 1121,7159 1120,7159 1117,7159 1116,7161 1116,7162 1115,7162 1114,7162 1114,7163 1114,7164 1113,7164 1112,7164 1112,7165 1112,7167 1111,7168 1111,7172 1110,7172 1109,7172 1109,7173 1109,7174 1110,7174 1111,7175 1111,7180 1112,7181 1112,7184 1113,7184 1114,7185 1114,7187 1116,7187 1117,7188 1117,7189 1118,7189 1119,7190 1155,7190 1156,7190 1156,7191 1157,7192 1157,7193 1157,7194 1158,7194 1159,7194 1159,7196 1159,7197 1160,7197 1161,7197 1161,7198 1162,7199 1162,7201 1162,7202 1163,7202 1164,7202 1164,7203 1164,7204 1165,7204 1166,7204 1166,7206 1167,7207 1167,7223 1167,7224 1170,7224 1171,7225 1196,7225 1197,7226 1265,7226 1266,7227 1268,7227 1269,7228 1284,7228 1285,7229 1350,7229 1351,7230 1358,7230 1359,7229 1360,7229 1361,7228 1398,7227 1570,7227 1571,7228 1571,7229 1640,7229 1641,7229 1641,7273 1641,7274 1645,7274 1646,7275 1673,7275"/>
        <TextEquiv>
          <Unicode/>
        </TextEquiv>
        <TextEquiv index="0">
          <Unicode>ⲭⲏ ⲅⲁⲣ ⲙ̄ ⲡⲉⲓ ⲉⲃⲟⲧ· ⲉϥⲥⲩⲙⲁⲛⲉ· ⲛⲁⲛ ⲙ̄ ⲡⲉϫⲡⲟ</Unicode>
        </TextEquiv>
      </TextLine>
      <TextLine id="r8_l011">
        <Coords points="1120,7481 4777,7473 4776,7304 1119,7312 1120,7481"/>
        <TextEquiv>
          <Unicode/>
        </TextEquiv>
        <TextEquiv index="0">
          <Unicode>ⲕⲁⲧⲁ ⲥⲁⲣⲝ̄ ⲙ̄ ⲡⲛⲟⲩⲧⲉ ⲡⲗⲟⲅⲟⲥ· ⲧⲉϥϩⲁⲏ ⲇⲉ· ⲉϥⲥⲩ-</Unicode>
        </TextEquiv>
      </TextLine>
      <TextEquiv>
        <Unicode/>
      </TextEquiv>
    </TextRegion>
    <TextRegion id="r9" type="header">
      <Coords points="1029,2311 1029,1462 4832,1462 4832,2311"/>
      <TextLine id="r9_l001">
        <Coords points="1087,1771 4750,1771 4750,1610 1087,1610 1087,1771"/>
        <TextEquiv>
          <Unicode/>
        </TextEquiv>
        <TextEquiv index="0">
          <Unicode>DISCOURSE BY DEMETRIUS, ARCHBISHOP</Unicode>
        </TextEquiv>
      </TextLine>
      <TextLine id="r9_l002">
        <Coords points="1337,1991 4755,1991 4755,1833 1337,1833 1337,1991"/>
        <TextEquiv>
          <Unicode/>
        </TextEquiv>
        <TextEquiv index="0">
          <Unicode>OF ANTIOCH, ON THE BIRTH OF OUR</Unicode>
        </TextEquiv>
      </TextLine>
      <TextLine id="r9_l003">
        <Coords points="1330,2188 4112,2188 4112,2061 1330,2061 1330,2188"/>
        <TextEquiv>
          <Unicode/>
        </TextEquiv>
        <TextEquiv index="0">
          <Unicode>LORD AND THE VIRGIN MARY</Unicode>
        </TextEquiv>
      </TextLine>
      <TextEquiv>
        <Unicode/>
      </TextEquiv>
    </TextRegion>
  </Page>
</PcGts>
